{"../models/afib/ptb_20_code15ft_lr1e-4_div1/latest.pth": {"0": {"auroc": 0.9825620598124507, "auroc_q1": 0.9813466440146794, "auroc_q3": 0.9839962668754207, "auroc_median": 0.9825338286081144, "auroc_q975": 0.9859247058694193, "auroc_q025": 0.9785103750859905, "ap": 0.6846929451453738, "ap_q1": 0.6725532829650698, "ap_q3": 0.697157031488852, "ap_median": 0.684357664472391, "ap_q975": 0.7210156554684836, "ap_q025": 0.6470555509883913, "accuracy": 0.9867997330935043, "accuracy_q1": 0.9864225826104616, "accuracy_q3": 0.9872639183034031, "accuracy_median": 0.9867707215178856, "accuracy_q975": 0.9879464156198323, "accuracy_q025": 0.9855645652615393}, "0.001": {"auroc": 0.9765454572090585, "auroc_q1": 0.9750877557851712, "auroc_q3": 0.9785257869162373, "auroc_median": 0.9768588704717449, "auroc_q975": 0.9812641668741237, "auroc_q025": 0.9717355883542791, "ap": 0.585580116501085, "ap_q1": 0.5739738066237471, "ap_q3": 0.6002856867600422, "ap_median": 0.5868279235384977, "ap_q975": 0.6226701512448688, "ap_q025": 0.546441495461652, "accuracy": 0.9842757260146798, "accuracy_q1": 0.9838115408047811, "accuracy_q3": 0.9847761756941019, "accuracy_median": 0.9843337491659172, "accuracy_q975": 0.9856987437987758, "accuracy_q025": 0.9828969508834025}, "0.005": {"auroc": 0.9213900067626745, "auroc_q1": 0.9178216706665028, "auroc_q3": 0.9243376304487733, "auroc_median": 0.9209786209764321, "auroc_q975": 0.930953110356603, "auroc_q025": 0.9112089011832627, "ap": 0.20906221545123693, "ap_q1": 0.20315061124331685, "ap_q3": 0.21717461625239964, "ap_median": 0.21009042720137705, "ap_q975": 0.23131872646885215, "ap_q025": 0.1911070406767582, "accuracy": 0.968522440453741, "accuracy_q1": 0.9678551742145116, "accuracy_q3": 0.9691606951173518, "accuracy_median": 0.9685369462415503, "accuracy_q975": 0.9702355739940236, "accuracy_q025": 0.9667237227653834}, "0.01": {"auroc": 0.6687676490757941, "auroc_q1": 0.6634627957011064, "auroc_q3": 0.675127935530885, "auroc_median": 0.6688221815560078, "auroc_q975": 0.6857424997130295, "auroc_q025": 0.6505322547327196, "ap": 0.03279365764230969, "ap_q1": 0.03194429509293358, "ap_q3": 0.03391379329806759, "ap_median": 0.032912965677757755, "ap_q975": 0.03602878097462592, "ap_q025": 0.02971160391270887, "accuracy": 0.91044126606516, "accuracy_q1": 0.9095419072209812, "accuracy_q3": 0.9116307406655255, "accuracy_median": 0.9104702776407787, "accuracy_q975": 0.913270619977371, "accuracy_q025": 0.9072775537439438}, "0.05": {"auroc": 0.00024298907044108763, "auroc_q1": 0.00021166744952577456, "auroc_q3": 0.0002796299954145087, "auroc_median": 0.00024348954232712022, "auroc_q975": 0.0003507829921028382, "auroc_q025": 0.0001462261909518638, "ap": 0.010959207595659052, "ap_q1": 0.010722964403898324, "ap_q3": 0.011209629034770737, "ap_median": 0.010959091956914233, "ap_q975": 0.011710850284881037, "ap_q025": 0.01023691899916547, "accuracy": 0.02964983028228263, "accuracy_q1": 0.02912036902724187, "accuracy_q3": 0.03029533783979808, "accuracy_median": 0.029678841857901303, "accuracy_q975": 0.031231686442890712, "accuracy_q025": 0.02808320519887435}, "0.1": {"auroc": 8.829487161212268e-06, "auroc_q1": 6.055863309787026e-06, "auroc_q3": 1.1041368790587657e-05, "auroc_median": 8.563189010470594e-06, "auroc_q975": 1.7781499242466423e-05, "auroc_q025": 2.4370751825382123e-06, "ap": 0.0109589086448789, "ap_q1": 0.010718822108209614, "ap_q3": 0.011195294592456289, "ap_median": 0.01097353362845456, "ap_q975": 0.01176982107281705, "ap_q025": 0.010207294026771499, "accuracy": 0.010270097769009836, "accuracy_q1": 0.009921958861585773, "accuracy_q3": 0.010676259827671241, "accuracy_median": 0.010241086193391162, "accuracy_q975": 0.01128550291566335, "accuracy_q025": 0.009138646319881634}, "0.5": {"auroc": 0.0, "auroc_q1": 0.0, "auroc_q3": 0.0, "auroc_median": 0.0, "auroc_q975": 0.0, "auroc_q025": 0.0, "ap": 0.010958903477924106, "ap_q1": 0.010708227843147757, "ap_q3": 0.011223994583768899, "ap_median": 0.010987509867071, "ap_q975": 0.011806354065344074, "ap_q025": 0.010171158655614281, "accuracy": 0.0002901157561867185, "accuracy_q1": 0.0002320926049493748, "accuracy_q3": 0.0003481389074240622, "accuracy_median": 0.0002901157561867185, "accuracy_q975": 0.0004794162870985516, "accuracy_q025": 0.00012982680089355657}}, "../models/afib/ptb_20_apgd_5e-2_code15ft_lr1e-4_div1/latest.pth": {"0": {"auroc": 0.9737999222371624, "auroc_q1": 0.9713091466957657, "auroc_q3": 0.9765102443412168, "auroc_median": 0.9737484646789836, "auroc_q975": 0.9807213954172187, "auroc_q025": 0.9659211417233088, "ap": 0.684437028176205, "ap_q1": 0.6726778332336227, "ap_q3": 0.6963078425232764, "ap_median": 0.6859288596201423, "ap_q975": 0.7178059207494586, "ap_q025": 0.6470015175827281, "accuracy": 0.9868577562447417, "accuracy_q1": 0.9865023644434129, "accuracy_q3": 0.9872929298790217, "accuracy_median": 0.9868577562447417, "accuracy_q975": 0.9879906582726508, "accuracy_q025": 0.9857400852940323}, "0.001": {"auroc": 0.9719261308474567, "auroc_q1": 0.969235782199181, "auroc_q3": 0.9746018659265843, "auroc_median": 0.9722117676205706, "auroc_q975": 0.9789082501766917, "auroc_q025": 0.9643110236007525, "ap": 0.653325998758911, "ap_q1": 0.641240421443722, "ap_q3": 0.6672586719382607, "ap_median": 0.6548500189163577, "ap_q975": 0.6904335986624794, "ap_q025": 0.6131449691115893, "accuracy": 0.9862775247323682, "accuracy_q1": 0.9858713626737068, "accuracy_q3": 0.9867707215178856, "accuracy_median": 0.9863355478836056, "accuracy_q975": 0.9873951956830775, "accuracy_q025": 0.9850147959035656}, "0.005": {"auroc": 0.9621000796633551, "auroc_q1": 0.9591341789283705, "auroc_q3": 0.9653063940467204, "auroc_median": 0.9622478441023927, "auroc_q975": 0.9697029004099551, "auroc_q025": 0.9528566841647743, "ap": 0.5126693949746766, "ap_q1": 0.500776643696139, "ap_q3": 0.5300747616426904, "ap_median": 0.5151435486036577, "ap_q975": 0.5557511365323077, "ap_q025": 0.4753083981858024, "accuracy": 0.9818387536627114, "accuracy_q1": 0.981345556877194, "accuracy_q3": 0.9823609620238475, "accuracy_median": 0.9818822710261395, "accuracy_q975": 0.9832617714468073, "accuracy_q025": 0.9804019553801967}, "0.01": {"auroc": 0.9436595769448233, "auroc_q1": 0.9397657004241633, "auroc_q3": 0.9470143729600372, "auroc_median": 0.9433364090940743, "auroc_q975": 0.9529632941270936, "auroc_q025": 0.932886617982915, "ap": 0.3495746604906338, "ap_q1": 0.34015254997683164, "ap_q3": 0.36105015738667184, "ap_median": 0.3505175241769086, "ap_q975": 0.38005690248919144, "ap_q025": 0.3188434976160564, "accuracy": 0.976036438538977, "accuracy_q1": 0.9753981838753663, "accuracy_q3": 0.9765006237488758, "accuracy_median": 0.9759784153877397, "accuracy_q975": 0.9777800342336592, "accuracy_q025": 0.9745553976036438}, "0.05": {"auroc": 0.16549481950627726, "auroc_q1": 0.16131597882109006, "auroc_q3": 0.16985955648333234, "auroc_median": 0.16586257947284097, "auroc_q975": 0.17610829205805167, "auroc_q025": 0.1543897603294895, "ap": 0.012140512363093388, "ap_q1": 0.011879762527968449, "ap_q3": 0.01250779147165197, "ap_median": 0.012193680396500251, "ap_q975": 0.012985307674176794, "ap_q025": 0.011384824555144883, "accuracy": 0.7342539673329659, "accuracy_q1": 0.7325350314775595, "accuracy_q3": 0.7358205924163741, "accuracy_median": 0.7341669326061099, "accuracy_q975": 0.7385048884504918, "accuracy_q025": 0.7299435724854216}, "0.1": {"auroc": 0.008671744215696053, "auroc_q1": 0.00835831339945793, "auroc_q3": 0.009010241088451231, "auroc_median": 0.008688344694404262, "auroc_q975": 0.009771551673241858, "auroc_q025": 0.0077724289950689175, "ap": 0.011007869252405987, "ap_q1": 0.010776048990416483, "ap_q3": 0.011320439652342744, "ap_median": 0.011039906845075411, "ap_q975": 0.01178808117822778, "ap_q025": 0.010308683059361506, "accuracy": 0.14688560735733558, "accuracy_q1": 0.145543821984972, "accuracy_q3": 0.14836519771388784, "accuracy_median": 0.14710319417447562, "accuracy_q975": 0.15067814558008646, "accuracy_q025": 0.14301183672285242},